﻿<?xml version="1.0" encoding="UTF-8"?>
<!DOCTYPE recensement[
  <!ELEMENT recensement (maison+)>
  <!ELEMENT maison (code_maison, code_victime, type_domage, surface, adresse, materiau_principal, etat_suivi, date_incident, zone)>
  <!ELEMENT code_maison (#PCDATA)>
  <!ELEMENT code_victime (#PCDATA)>
  <!ELEMENT type_domage (#PCDATA)>
  <!ELEMENT surface (#PCDATA)>
  <!ELEMENT adresse (#PCDATA)>
  <!ELEMENT materiau_principal (#PCDATA)>
  <!ELEMENT etat_suivi (#PCDATA)>
  <!ELEMENT date_incident (#PCDATA)>
  <!ELEMENT zone (#PCDATA)>
]>

<?xml-stylesheet type="text/xsl" href="maison.xsl"?>
<recensement xmlns:xsi="http://www.w3.org/2001/XMLSchema-instance" xsi:noNamespaceSchemaLocation="maison.xsd">
  <maison>
    <code_maison>MMT001</code_maison>
    <code_victime>MT001</code_victime>
    <type_domage>Incendie</type_domage>
    <surface>100</surface>
    <adresse>Rue Lamarre</adresse>
    <materiau_principal>Beton</materiau_principal>
    <etat_suivi>Reconstruire</etat_suivi>
    <date_incident>2025-04-01</date_incident>
    <zone>Matissant</zone>
  </maison>

  <maison>
    <code_maison>MMT002</code_maison>
    <code_victime>MT002</code_victime>
    <type_domage>Endommagee</type_domage>
    <surface>85</surface>
    <adresse>Avenue Christophe</adresse>
    <materiau_principal>Briques</materiau_principal>
    <etat_suivi>Reparee</etat_suivi>
    <date_incident>2025-04-03</date_incident>
    <zone>Matissant</zone>
  </maison>

  <maison>
    <code_maison>MMT003</code_maison>
    <code_victime>MT003</code_victime>
    <type_domage>Incendie</type_domage>
    <surface>90</surface>
    <adresse>Rue Capois</adresse>
    <materiau_principal>Beton</materiau_principal>
    <etat_suivi>Reconstruire</etat_suivi>
    <date_incident>2025-04-05</date_incident>
    <zone>Matissant</zone>
  </maison>

  <maison>
    <code_maison>MMT004</code_maison>
    <code_victime>MT004</code_victime>
    <type_domage>Endommagee</type_domage>
    <surface>95</surface>
    <adresse>Rue Tiremasse</adresse>
    <materiau_principal>Briques</materiau_principal>
    <etat_suivi>Reparee</etat_suivi>
    <date_incident>2025-04-08</date_incident>
    <zone>Matissant</zone>
  </maison>

  <maison>
    <code_maison>MMT005</code_maison>
    <code_victime>MT005</code_victime>
    <type_domage>Incendie</type_domage>
    <surface>105</surface>
    <adresse>Rue Ambroise</adresse>
    <materiau_principal>Beton</materiau_principal>
    <etat_suivi>Reconstruire</etat_suivi>
    <date_incident>2025-04-10</date_incident>
    <zone>Matissant</zone>
  </maison>

  <maison>
    <code_maison>MMT006</code_maison>
    <code_victime>MT006</code_victime>
    <type_domage>Endommagee</type_domage>
    <surface>80</surface>
    <adresse>Rue Pavee</adresse>
    <materiau_principal>Briques</materiau_principal>
    <etat_suivi>Reparee</etat_suivi>
    <date_incident>2025-04-12</date_incident>
    <zone>Matissant</zone>
  </maison>

  <maison>
    <code_maison>MMT007</code_maison>
    <code_victime>MT007</code_victime>
    <type_domage>Incendie</type_domage>
    <surface>110</surface>
    <adresse>Rue Saint Martin</adresse>
    <materiau_principal>Beton</materiau_principal>
    <etat_suivi>Reconstruire</etat_suivi>
    <date_incident>2025-04-15</date_incident>
    <zone>Matissant</zone>
  </maison>

  <maison>
    <code_maison>MMT008</code_maison>
    <code_victime>MT008</code_victime>
    <type_domage>Endommagee</type_domage>
    <surface>85</surface>
    <adresse>Rue Magasin</adresse>
    <materiau_principal>Briques</materiau_principal>
    <etat_suivi>Reparee</etat_suivi>
    <date_incident>2025-04-18</date_incident>
    <zone>Matissant</zone>
  </maison>

  <maison>
    <code_maison>MMT009</code_maison>
    <code_victime>MT009</code_victime>
    <type_domage>Incendie</type_domage>
    <surface>100</surface>
    <adresse>Bd La Saline</adresse>
    <materiau_principal>Beton</materiau_principal>
    <etat_suivi>Reconstruire</etat_suivi>
    <date_incident>2025-04-20</date_incident>
    <zone>Matissant</zone>
  </maison>

  <maison>
    <code_maison>MMT010</code_maison>
    <code_victime>MT010</code_victime>
    <type_domage>Endommagee</type_domage>
    <surface>90</surface>
    <adresse>Rue Guilloux</adresse>
    <materiau_principal>Briques</materiau_principal>
    <etat_suivi>Reparee</etat_suivi>
    <date_incident>2025-04-22</date_incident>
    <zone>Matissant</zone>
  </maison>

  <maison>
    <code_maison>MMT011</code_maison>
    <code_victime>MT011</code_victime>
    <type_domage>Incendie</type_domage>
    <surface>105</surface>
    <adresse>Rue Lamarre</adresse>
    <materiau_principal>Beton</materiau_principal>
    <etat_suivi>Reconstruire</etat_suivi>
    <date_incident>2025-04-25</date_incident>
    <zone>Matissant</zone>
  </maison>
</recensement>
