﻿<?xml version="1.0" encoding="UTF-8"?>
<!DOCTYPE recensement[
  <!ELEMENT recensement (maison+)>
  <!ELEMENT maison (code_maison, code_victime, type_domage, surface, adresse, materiau_principal, etat_suivi, date_incident, zone)>
  <!ELEMENT code_maison (#PCDATA)>
  <!ELEMENT code_victime (#PCDATA)>
  <!ELEMENT type_domage (#PCDATA)>
  <!ELEMENT surface (#PCDATA)>
  <!ELEMENT adresse (#PCDATA)>
  <!ELEMENT materiau_principal (#PCDATA)>
  <!ELEMENT etat_suivi (#PCDATA)>
  <!ELEMENT date_incident (#PCDATA)>
  <!ELEMENT zone (#PCDATA)>
]>

<?xml-stylesheet type="text/xsl" href="maison.xsl"?>
<recensement xmlns:xsi="http://www.w3.org/2001/XMLSchema-instance" xsi:noNamespaceSchemaLocation="maison.xsd">
  <maison>
    <code_maison>MCS001</code_maison>
    <code_victime>CS001</code_victime>
    <type_domage>Incendie</type_domage>
    <surface>100</surface>
    <adresse>Rue Capois</adresse>
    <materiau_principal>Beton</materiau_principal>
    <etat_suivi>Reconstruire</etat_suivi>
    <date_incident>2025-03-02</date_incident>
    <zone>Cite Soleil</zone>
  </maison>

  <maison>
    <code_maison>MCS002</code_maison>
    <code_victime>CS002</code_victime>
    <type_domage>Endommagee</type_domage>
    <surface>85</surface>
    <adresse>Bd La Saline</adresse>
    <materiau_principal>Briques</materiau_principal>
    <etat_suivi>Reparee</etat_suivi>
    <date_incident>2025-03-05</date_incident>
    <zone>Cite Soleil</zone>
  </maison>

  <maison>
    <code_maison>MCS003</code_maison>
    <code_victime>CS003</code_victime>
    <type_domage>Incendie</type_domage>
    <surface>90</surface>
    <adresse>Rue Ambroise</adresse>
    <materiau_principal>Beton</materiau_principal>
    <etat_suivi>Reconstruire</etat_suivi>
    <date_incident>2025-03-08</date_incident>
    <zone>Cite Soleil</zone>
  </maison>

  <maison>
    <code_maison>MCS004</code_maison>
    <code_victime>CS004</code_victime>
    <type_domage>Endommagee</type_domage>
    <surface>95</surface>
    <adresse>Rue Pavee</adresse>
    <materiau_principal>Briques</materiau_principal>
    <etat_suivi>Reparee</etat_suivi>
    <date_incident>2025-03-12</date_incident>
    <zone>Cite Soleil</zone>
  </maison>

  <maison>
    <code_maison>MCS005</code_maison>
    <code_victime>CS005</code_victime>
    <type_domage>Incendie</type_domage>
    <surface>105</surface>
    <adresse>Rue Saint Martin</adresse>
    <materiau_principal>Beton</materiau_principal>
    <etat_suivi>Reconstruire</etat_suivi>
    <date_incident>2025-03-15</date_incident>
    <zone>Cite Soleil</zone>
  </maison>

  <maison>
    <code_maison>MCS006</code_maison>
    <code_victime>CS006</code_victime>
    <type_domage>Endommagee</type_domage>
    <surface>80</surface>
    <adresse>Rue Magasin</adresse>
    <materiau_principal>Briques</materiau_principal>
    <etat_suivi>Reparee</etat_suivi>
    <date_incident>2025-03-18</date_incident>
    <zone>Cite Soleil</zone>
  </maison>

  <maison>
    <code_maison>MCS007</code_maison>
    <code_victime>CS007</code_victime>
    <type_domage>Incendie</type_domage>
    <surface>110</surface>
    <adresse>Rue Lamarre</adresse>
    <materiau_principal>Beton</materiau_principal>
    <etat_suivi>Reconstruire</etat_suivi>
    <date_incident>2025-03-20</date_incident>
    <zone>Cite Soleil</zone>
  </maison>

  <maison>
    <code_maison>MCS008</code_maison>
    <code_victime>CS008</code_victime>
    <type_domage>Endommagee</type_domage>
    <surface>85</surface>
    <adresse>Avenue Christophe</adresse>
    <materiau_principal>Briques</materiau_principal>
    <etat_suivi>Reparee</etat_suivi>
    <date_incident>2025-03-22</date_incident>
    <zone>Cite Soleil</zone>
  </maison>

  <maison>
    <code_maison>MCS009</code_maison>
    <code_victime>CS009</code_victime>
    <type_domage>Incendie</type_domage>
    <surface>100</surface>
    <adresse>Rue Tiremasse</adresse>
    <materiau_principal>Beton</materiau_principal>
    <etat_suivi>Reconstruire</etat_suivi>
    <date_incident>2025-03-25</date_incident>
    <zone>Cite Soleil</zone>
  </maison>

  <maison>
    <code_maison>MCS010</code_maison>
    <code_victime>CS010</code_victime>
    <type_domage>Endommagee</type_domage>
    <surface>90</surface>
    <adresse>Rue Guilloux</adresse>
    <materiau_principal>Briques</materiau_principal>
    <etat_suivi>Reparee</etat_suivi>
    <date_incident>2025-03-28</date_incident>
    <zone>Cite Soleil</zone>
  </maison>

  <maison>
    <code_maison>MCS011</code_maison>
    <code_victime>CS011</code_victime>
    <type_domage>Incendie</type_domage>
    <surface>105</surface>
    <adresse>Rue Ambroise</adresse>
    <materiau_principal>Beton</materiau_principal>
    <etat_suivi>Reconstruire</etat_suivi>
    <date_incident>2025-03-30</date_incident>
    <zone>Cite Soleil</zone>
  </maison>
</recensement>
