﻿<?xml version="1.0" encoding="UTF-8"?>
<!DOCTYPE recensement[
  <!ELEMENT recensement (maison+)>
  <!ELEMENT maison (code_maison, code_victime, type_domage, surface, adresse, materiau_principal, etat_suivi, date_incident, zone)>
  <!ELEMENT code_maison (#PCDATA)>
  <!ELEMENT code_victime (#PCDATA)>
  <!ELEMENT type_domage (#PCDATA)>
  <!ELEMENT surface (#PCDATA)>
  <!ELEMENT adresse (#PCDATA)>
  <!ELEMENT materiau_principal (#PCDATA)>
  <!ELEMENT etat_suivi (#PCDATA)>
  <!ELEMENT date_incident (#PCDATA)>
  <!ELEMENT zone (#PCDATA)>
]>

<?xml-stylesheet type="text/xsl" href="maison.xsl"?>
<recensement xmlns:xsi="http://www.w3.org/2001/XMLSchema-instance" xsi:noNamespaceSchemaLocation="maison.xsd">
  <maison>
    <code_maison>BLV001</code_maison>
    <code_victime>BV001</code_victime>
    <type_domage>Incendie</type_domage>
    <surface>110</surface>
    <adresse>Rue Lamarre</adresse>
    <materiau_principal>Beton</materiau_principal>
    <etat_suivi>Reconstruire</etat_suivi>
    <date_incident>2025-01-05</date_incident>
    <zone>Bas la Ville</zone>
  </maison>

  <maison>
    <code_maison>BLV002</code_maison>
    <code_victime>BV002</code_victime>
    <type_domage>Endommagee</type_domage>
    <surface>95</surface>
    <adresse>Avenue Christophe</adresse>
    <materiau_principal>Briques</materiau_principal>
    <etat_suivi>Reparee</etat_suivi>
    <date_incident>2025-01-12</date_incident>
    <zone>Bas la Ville</zone>
  </maison>

  <maison>
    <code_maison>BLV003</code_maison>
    <code_victime>BV003</code_victime>
    <type_domage>Incendie</type_domage>
    <surface>100</surface>
    <adresse>Rue Capois</adresse>
    <materiau_principal>Beton</materiau_principal>
    <etat_suivi>Reconstruire</etat_suivi>
    <date_incident>2025-01-18</date_incident>
    <zone>Bas la Ville</zone>
  </maison>

  <maison>
    <code_maison>BLV004</code_maison>
    <code_victime>BV004</code_victime>
    <type_domage>Endommagee</type_domage>
    <surface>80</surface>
    <adresse>Rue Tiremasse</adresse>
    <materiau_principal>Briques</materiau_principal>
    <etat_suivi>Reparee</etat_suivi>
    <date_incident>2025-01-20</date_incident>
    <zone>Bas la Ville</zone>
  </maison>

  <maison>
    <code_maison>BLV005</code_maison>
    <code_victime>BV005</code_victime>
    <type_domage>Incendie</type_domage>
    <surface>120</surface>
    <adresse>Route de Delmas</adresse>
    <materiau_principal>Beton</materiau_principal>
    <etat_suivi>Reconstruire</etat_suivi>
    <date_incident>2025-02-01</date_incident>
    <zone>Bas la Ville</zone>
  </maison>

  <maison>
    <code_maison>BLV006</code_maison>
    <code_victime>BV006</code_victime>
    <type_domage>Endommagee</type_domage>
    <surface>75</surface>
    <adresse>Rue Guilloux</adresse>
    <materiau_principal>Briques</materiau_principal>
    <etat_suivi>Reparee</etat_suivi>
    <date_incident>2025-02-05</date_incident>
    <zone>Bas la Ville</zone>
  </maison>

  <maison>
    <code_maison>BLV007</code_maison>
    <code_victime>BV007</code_victime>
    <type_domage>Incendie</type_domage>
    <surface>90</surface>
    <adresse>Bd La Saline</adresse>
    <materiau_principal>Beton</materiau_principal>
    <etat_suivi>Reconstruire</etat_suivi>
    <date_incident>2025-02-12</date_incident>
    <zone>Bas la Ville</zone>
  </maison>

  <maison>
    <code_maison>BLV008</code_maison>
    <code_victime>BV008</code_victime>
    <type_domage>Endommagee</type_domage>
    <surface>85</surface>
    <adresse>Rue Ambroise</adresse>
    <materiau_principal>Briques</materiau_principal>
    <etat_suivi>Reparee</etat_suivi>
    <date_incident>2025-02-15</date_incident>
    <zone>Bas la Ville</zone>
  </maison>

  <maison>
    <code_maison>BLV009</code_maison>
    <code_victime>BV009</code_victime>
    <type_domage>Incendie</type_domage>
    <surface>100</surface>
    <adresse>Rue Pavee</adresse>
    <materiau_principal>Beton</materiau_principal>
    <etat_suivi>Reconstruire</etat_suivi>
    <date_incident>2025-02-20</date_incident>
    <zone>Bas la Ville</zone>
  </maison>

  <maison>
    <code_maison>BLV010</code_maison>
    <code_victime>BV010</code_victime>
    <type_domage>Endommagee</type_domage>
    <surface>95</surface>
    <adresse>Rue Saint Martin</adresse>
    <materiau_principal>Briques</materiau_principal>
    <etat_suivi>Reparee</etat_suivi>
    <date_incident>2025-02-25</date_incident>
    <zone>Bas la Ville</zone>
  </maison>

  <maison>
    <code_maison>BLV011</code_maison>
    <code_victime>BV011</code_victime>
    <type_domage>Incendie</type_domage>
    <surface>110</surface>
    <adresse>Rue Magasin</adresse>
    <materiau_principal>Beton</materiau_principal>
    <etat_suivi>Reconstruire</etat_suivi>
    <date_incident>2025-03-01</date_incident>
    <zone>Bas la Ville</zone>
  </maison>
</recensement>
