﻿<?xml version="1.0" encoding="UTF-8"?>
<!DOCTYPE recensement [
  <!ELEMENT recensement (victime+)>
  <!ELEMENT victime (code_victime,nom,prenom,age,sexe,profession,adresse,zone,contact,degre_vulnerabilite)>
  <!ELEMENT code_victime (#PCDATA)>
  <!ELEMENT nom (#PCDATA)>
  <!ELEMENT prenom (#PCDATA)>
  <!ELEMENT age (#PCDATA)>
  <!ELEMENT sexe (#PCDATA)>
  <!ELEMENT profession (#PCDATA)>
  <!ELEMENT adresse (#PCDATA)>
  <!ELEMENT zone (#PCDATA)>
  <!ELEMENT contact (telephone?,email?)>
  <!ELEMENT telephone (#PCDATA)>
  <!ELEMENT email (#PCDATA)>
  <!ELEMENT degre_vulnerabilite (#PCDATA)>
]>

<?xml-stylesheet type="text/xsl" href="victime.xsl"?>
<recensement xmlns:xsi="http://www.w3.org/2001/XMLSchema-instance" xsi:noNamespaceSchemaLocation="victime.xsd">

  <victime>
    <code_victime>BD001</code_victime>
    <nom>JEAN</nom>
    <prenom>Marc</prenom>
    <age>35</age>
    <sexe>M</sexe>
    <profession>Locataire</profession>
    <adresse>Rue Lamarre</adresse>
    <zone>Bas Delmas</zone>
    <contact><telephone>37000001</telephone></contact>
    <degre_vulnerabilite>Eleve</degre_vulnerabilite>
  </victime>

  <victime>
    <code_victime>BD002</code_victime>
    <nom>PIERRE</nom>
    <prenom>Anne</prenom>
    <age>28</age>
    <sexe>F</sexe>
    <profession>Marchande</profession>
    <adresse>Avenue Delmas</adresse>
    <zone>Bas Delmas</zone>
    <contact><telephone>37000002</telephone></contact>
    <degre_vulnerabilite>Moyen</degre_vulnerabilite>
  </victime>

  <victime>
    <code_victime>BD003</code_victime>
    <nom>LOUIS</nom>
    <prenom>Patrick</prenom>
    <age>42</age>
    <sexe>M</sexe>
    <profession>Proprietaire</profession>
    <adresse>Rue Faubert</adresse>
    <zone>Bas Delmas</zone>
    <contact><telephone>37000003</telephone></contact>
    <degre_vulnerabilite>Eleve</degre_vulnerabilite>
  </victime>

  <victime>
    <code_victime>BD004</code_victime>
    <nom>JOSEPH</nom>
    <prenom>Maria</prenom>
    <age>31</age>
    <sexe>F</sexe>
    <profession>Entrepreneur</profession>
    <adresse>Rue Chareron</adresse>
    <zone>Bas Delmas</zone>
    <contact><telephone>37000004</telephone></contact>
    <degre_vulnerabilite>Moyen</degre_vulnerabilite>
  </victime>

  <victime>
    <code_victime>BD005</code_victime>
    <nom>CHARLES</nom>
    <prenom>David</prenom>
    <age>50</age>
    <sexe>M</sexe>
    <profession>Proprietaire</profession>
    <adresse>Route de Delmas</adresse>
    <zone>Bas Delmas</zone>
    <contact><telephone>37000005</telephone></contact>
    <degre_vulnerabilite>Faible</degre_vulnerabilite>
  </victime>

  <victime>
    <code_victime>BD006</code_victime>
    <nom>BERNARD</nom>
    <prenom>Lucie</prenom>
    <age>27</age>
    <sexe>F</sexe>
    <profession>Marchande</profession>
    <adresse>Rue Rigaud</adresse>
    <zone>Bas Delmas</zone>
    <contact><telephone>37000006</telephone></contact>
    <degre_vulnerabilite>Eleve</degre_vulnerabilite>
  </victime>

  <victime>
    <code_victime>BD007</code_victime>
    <nom>MICHEL</nom>
    <prenom>Jonas</prenom>
    <age>39</age>
    <sexe>M</sexe>
    <profession>Locataire</profession>
    <adresse>Boulevard Delmas</adresse>
    <zone>Bas Delmas</zone>
    <contact><telephone>37000007</telephone></contact>
    <degre_vulnerabilite>Eleve</degre_vulnerabilite>
  </victime>

  <victime>
    <code_victime>BD008</code_victime>
    <nom>PAUL</nom>
    <prenom>Esther</prenom>
    <age>33</age>
    <sexe>F</sexe>
    <profession>Entrepreneur</profession>
    <adresse>Rue Panamericaine</adresse>
    <zone>Bas Delmas</zone>
    <contact><telephone>37000008</telephone></contact>
    <degre_vulnerabilite>Moyen</degre_vulnerabilite>
  </victime>

  <victime>
    <code_victime>BD009</code_victime>
    <nom>SIMON</nom>
    <prenom>Alfred</prenom>
    <age>45</age>
    <sexe>M</sexe>
    <profession>Proprietaire</profession>
    <adresse>Rue Alerte</adresse>
    <zone>Bas Delmas</zone>
    <contact><telephone>37000009</telephone></contact>
    <degre_vulnerabilite>Faible</degre_vulnerabilite>
  </victime>

  <victime>
    <code_victime>BD010</code_victime>
    <nom>ROCHE</nom>
    <prenom>Nadia</prenom>
    <age>26</age>
    <sexe>F</sexe>
    <profession>Marchande</profession>
    <adresse>Rue Bois Patate</adresse>
    <zone>Bas Delmas</zone>
    <contact><telephone>37000010</telephone></contact>
    <degre_vulnerabilite>Eleve</degre_vulnerabilite>
  </victime>

  <victime>
    <code_victime>BD011</code_victime>
    <nom>DUPONT</nom>
    <prenom>Samuel</prenom>
    <age>38</age>
    <sexe>M</sexe>
    <profession>Locataire</profession>
    <adresse>Rue Chavannes</adresse>
    <zone>Bas Delmas</zone>
    <contact><telephone>37000011</telephone></contact>
    <degre_vulnerabilite>Moyen</degre_vulnerabilite>
  </victime>

</recensement>
