﻿<?xml version="1.0" encoding="UTF-8"?>
<!DOCTYPE recensement [
  <!ELEMENT recensement (victime+)>
  <!ELEMENT victime (code_victime,nom,prenom,age,sexe,profession,adresse,zone,contact,degre_vulnerabilite)>
  <!ELEMENT code_victime (#PCDATA)>
  <!ELEMENT nom (#PCDATA)>
  <!ELEMENT prenom (#PCDATA)>
  <!ELEMENT age (#PCDATA)>
  <!ELEMENT sexe (#PCDATA)>
  <!ELEMENT profession (#PCDATA)>
  <!ELEMENT adresse (#PCDATA)>
  <!ELEMENT zone (#PCDATA)>
  <!ELEMENT contact (telephone?,email?)>
  <!ELEMENT telephone (#PCDATA)>
  <!ELEMENT email (#PCDATA)>
  <!ELEMENT degre_vulnerabilite (#PCDATA)>
]>

<?xml-stylesheet type="text/xsl" href="victime.xsl"?>
<recensement xmlns:xsi="http://www.w3.org/2001/XMLSchema-instance" xsi:noNamespaceSchemaLocation="victime.xsd">

  <victime>
    <code_victime>BV001</code_victime>
    <nom>JEAN</nom>
    <prenom>Marc</prenom>
    <age>35</age>
    <sexe>M</sexe>
    <profession>Locataire</profession>
    <adresse>Rue Lamarre</adresse>
    <zone>Bas la Ville</zone>
    <contact>
      <telephone>37010001</telephone>
    </contact>
    <degre_vulnerabilite>Eleve</degre_vulnerabilite>
  </victime>

  <victime>
    <code_victime>BV002</code_victime>
    <nom>PIERRE</nom>
    <prenom>Anne</prenom>
    <age>29</age>
    <sexe>F</sexe>
    <profession>Marchande</profession>
    <adresse>Avenue Christophe</adresse>
    <zone>Bas la Ville</zone>
    <contact>
      <telephone>37010002</telephone>
    </contact>
    <degre_vulnerabilite>Moyen</degre_vulnerabilite>
  </victime>

  <victime>
    <code_victime>BV003</code_victime>
    <nom>LOUIS</nom>
    <prenom>Patrick</prenom>
    <age>41</age>
    <sexe>M</sexe>
    <profession>Proprietaire</profession>
    <adresse>Rue Capois</adresse>
    <zone>Bas la Ville</zone>
    <contact>
      <telephone>37010003</telephone>
    </contact>
    <degre_vulnerabilite>Eleve</degre_vulnerabilite>
  </victime>

  <victime>
    <code_victime>BV004</code_victime>
    <nom>JOSEPH</nom>
    <prenom>Maria</prenom>
    <age>33</age>
    <sexe>F</sexe>
    <profession>Entrepreneur</profession>
    <adresse>Rue Tiremasse</adresse>
    <zone>Bas la Ville</zone>
    <contact>
      <telephone>37010004</telephone>
    </contact>
    <degre_vulnerabilite>Moyen</degre_vulnerabilite>
  </victime>

  <victime>
    <code_victime>BV005</code_victime>
    <nom>CHARLES</nom>
    <prenom>David</prenom>
    <age>52</age>
    <sexe>M</sexe>
    <profession>Proprietaire</profession>
    <adresse>Rue des Miracles</adresse>
    <zone>Bas la Ville</zone>
    <contact>
      <telephone>37010005</telephone>
    </contact>
    <degre_vulnerabilite>Faible</degre_vulnerabilite>
  </victime>

  <victime>
    <code_victime>BV006</code_victime>
    <nom>BERNARD</nom>
    <prenom>Lucie</prenom>
    <age>27</age>
    <sexe>F</sexe>
    <profession>Marchande</profession>
    <adresse>Rue Pavée</adresse>
    <zone>Bas la Ville</zone>
    <contact>
      <telephone>37010006</telephone>
    </contact>
    <degre_vulnerabilite>Eleve</degre_vulnerabilite>
  </victime>

  <victime>
    <code_victime>BV007</code_victime>
    <nom>MICHEL</nom>
    <prenom>Jonas</prenom>
    <age>39</age>
    <sexe>M</sexe>
    <profession>Locataire</profession>
    <adresse>Boulevard Jean-Jacques Dessalines</adresse>
    <zone>Bas la Ville</zone>
    <contact>
      <telephone>37010007</telephone>
    </contact>
    <degre_vulnerabilite>Eleve</degre_vulnerabilite>
  </victime>

  <victime>
    <code_victime>BV008</code_victime>
    <nom>PAUL</nom>
    <prenom>Esther</prenom>
    <age>34</age>
    <sexe>F</sexe>
    <profession>Entrepreneur</profession>
    <adresse>Rue Magasin de l'État</adresse>
    <zone>Bas la Ville</zone>
    <contact>
      <telephone>37010008</telephone>
    </contact>
    <degre_vulnerabilite>Moyen</degre_vulnerabilite>
  </victime>

  <victime>
    <code_victime>BV009</code_victime>
    <nom>SIMON</nom>
    <prenom>Alfred</prenom>
    <age>46</age>
    <sexe>M</sexe>
    <profession>Proprietaire</profession>
    <adresse>Rue Bonne Foi</adresse>
    <zone>Bas la Ville</zone>
    <contact>
      <telephone>37010009</telephone>
    </contact>
    <degre_vulnerabilite>Faible</degre_vulnerabilite>
  </victime>

  <victime>
    <code_victime>BV010</code_victime>
    <nom>ROCHE</nom>
    <prenom>Nadia</prenom>
    <age>26</age>
    <sexe>F</sexe>
    <profession>Marchande</profession>
    <adresse>Rue du Quai</adresse>
    <zone>Bas la Ville</zone>
    <contact>
      <telephone>37010010</telephone>
    </contact>
    <degre_vulnerabilite>Eleve</degre_vulnerabilite>
  </victime>

  <victime>
    <code_victime>BV011</code_victime>
    <nom>DUPONT</nom>
    <prenom>Samuel</prenom>
    <age>38</age>
    <sexe>M</sexe>
    <profession>Locataire</profession>
    <adresse>Rue de la Réunion</adresse>
    <zone>Bas la Ville</zone>
    <contact>
      <telephone>37010011</telephone>
    </contact>
    <degre_vulnerabilite>Moyen</degre_vulnerabilite>
  </victime>

</recensement>
