﻿<?xml version="1.0" encoding="UTF-8"?>
<!DOCTYPE recensement [
  <!ELEMENT recensement (victime+)>
  <!ELEMENT victime (code_victime,nom,prenom,age,sexe,profession,adresse,zone,contact,degre_vulnerabilite)>
  <!ELEMENT code_victime (#PCDATA)>
  <!ELEMENT nom (#PCDATA)>
  <!ELEMENT prenom (#PCDATA)>
  <!ELEMENT age (#PCDATA)>
  <!ELEMENT sexe (#PCDATA)>
  <!ELEMENT profession (#PCDATA)>
  <!ELEMENT adresse (#PCDATA)>
  <!ELEMENT zone (#PCDATA)>
  <!ELEMENT contact (telephone?,email?)>
  <!ELEMENT telephone (#PCDATA)>
  <!ELEMENT email (#PCDATA)>
  <!ELEMENT degre_vulnerabilite (#PCDATA)>
]>

<?xml-stylesheet type="text/xsl" href="victime.xsl"?>
<recensement xmlns:xsi="http://www.w3.org/2001/XMLSchema-instance" xsi:noNamespaceSchemaLocation="victime.xsd">

  <victime>
    <code_victime>CS001</code_victime>
    <nom>JEAN</nom>
    <prenom>Paul</prenom>
    <age>34</age>
    <sexe>M</sexe>
    <profession>Pecheur</profession>
    <adresse>Rue La Saline</adresse>
    <zone>Cite Soleil</zone>
    <contact><telephone>37010001</telephone></contact>
    <degre_vulnerabilite>Eleve</degre_vulnerabilite>
  </victime>

  <victime>
    <code_victime>CS002</code_victime>
    <nom>PIERRE</nom>
    <prenom>Marie</prenom>
    <age>29</age>
    <sexe>F</sexe>
    <profession>Marchande</profession>
    <adresse>Rue Belekou</adresse>
    <zone>Cite Soleil</zone>
    <contact><telephone>37010002</telephone></contact>
    <degre_vulnerabilite>Eleve</degre_vulnerabilite>
  </victime>

  <victime>
    <code_victime>CS003</code_victime>
    <nom>LOUIS</nom>
    <prenom>Anderson</prenom>
    <age>41</age>
    <sexe>M</sexe>
    <profession>Chauffeur</profession>
    <adresse>Route Nationale</adresse>
    <zone>Cite Soleil</zone>
    <contact><telephone>37010003</telephone></contact>
    <degre_vulnerabilite>Moyen</degre_vulnerabilite>
  </victime>

  <victime>
    <code_victime>CS004</code_victime>
    <nom>CHARLES</nom>
    <prenom>Nadia</prenom>
    <age>36</age>
    <sexe>F</sexe>
    <profession>Couturiere</profession>
    <adresse>Rue Wharf</adresse>
    <zone>Cite Soleil</zone>
    <contact><telephone>37010004</telephone></contact>
    <degre_vulnerabilite>Eleve</degre_vulnerabilite>
  </victime>

  <victime>
    <code_victime>CS005</code_victime>
    <nom>MICHEL</nom>
    <prenom>Samuel</prenom>
    <age>52</age>
    <sexe>M</sexe>
    <profession>Manoeuvre</profession>
    <adresse>Zone Portuaire</adresse>
    <zone>Cite Soleil</zone>
    <contact><telephone>37010005</telephone></contact>
    <degre_vulnerabilite>Faible</degre_vulnerabilite>
  </victime>

  <victime>
    <code_victime>CS006</code_victime>
    <nom>JOSEPH</nom>
    <prenom>Claudine</prenom>
    <age>27</age>
    <sexe>F</sexe>
    <profession>Vendeuse</profession>
    <adresse>Rue Drouillard</adresse>
    <zone>Cite Soleil</zone>
    <contact><telephone>37010006</telephone></contact>
    <degre_vulnerabilite>Eleve</degre_vulnerabilite>
  </victime>

  <victime>
    <code_victime>CS007</code_victime>
    <nom>BERNARD</nom>
    <prenom>Junior</prenom>
    <age>33</age>
    <sexe>M</sexe>
    <profession>Mecanicien</profession>
    <adresse>Rue Soleil</adresse>
    <zone>Cite Soleil</zone>
    <contact><telephone>37010007</telephone></contact>
    <degre_vulnerabilite>Moyen</degre_vulnerabilite>
  </victime>

  <victime>
    <code_victime>CS008</code_victime>
    <nom>ROCHE</nom>
    <prenom>Esther</prenom>
    <age>39</age>
    <sexe>F</sexe>
    <profession>Menagere</profession>
    <adresse>Rue Brooklyn</adresse>
    <zone>Cite Soleil</zone>
    <contact><telephone>37010008</telephone></contact>
    <degre_vulnerabilite>Eleve</degre_vulnerabilite>
  </victime>

  <victime>
    <code_victime>CS009</code_victime>
    <nom>DUPONT</nom>
    <prenom>Alfred</prenom>
    <age>46</age>
    <sexe>M</sexe>
    <profession>Gardien</profession>
    <adresse>Zone Industrielle</adresse>
    <zone>Cite Soleil</zone>
    <contact><telephone>37010009</telephone></contact>
    <degre_vulnerabilite>Moyen</degre_vulnerabilite>
  </victime>

  <victime>
    <code_victime>CS010</code_victime>
    <nom>PAUL</nom>
    <prenom>Judith</prenom>
    <age>31</age>
    <sexe>F</sexe>
    <profession>Coiffeuse</profession>
    <adresse>Rue Wharf Jeremie</adresse>
    <zone>Cite Soleil</zone>
    <contact><telephone>37010010</telephone></contact>
    <degre_vulnerabilite>Eleve</degre_vulnerabilite>
  </victime>

  <victime>
    <code_victime>CS011</code_victime>
    <nom>SIMON</nom>
    <prenom>Ricardo</prenom>
    <age>44</age>
    <sexe>M</sexe>
    <profession>Dockeur</profession>
    <adresse>Port Maritime</adresse>
    <zone>Cite Soleil</zone>
    <contact><telephone>37010011</telephone></contact>
    <degre_vulnerabilite>Moyen</degre_vulnerabilite>
  </victime>

</recensement>
