﻿<?xml version="1.0" encoding="UTF-8"?>
<!DOCTYPE recensement [
  <!ELEMENT recensement (victime+)>
  <!ELEMENT victime (code_victime,nom,prenom,age,sexe,profession,adresse,zone,contact,degre_vulnerabilite)>
  <!ELEMENT code_victime (#PCDATA)>
  <!ELEMENT nom (#PCDATA)>
  <!ELEMENT prenom (#PCDATA)>
  <!ELEMENT age (#PCDATA)>
  <!ELEMENT sexe (#PCDATA)>
  <!ELEMENT profession (#PCDATA)>
  <!ELEMENT adresse (#PCDATA)>
  <!ELEMENT zone (#PCDATA)>
  <!ELEMENT contact (telephone?,email?)>
  <!ELEMENT telephone (#PCDATA)>
  <!ELEMENT email (#PCDATA)>
  <!ELEMENT degre_vulnerabilite (#PCDATA)>
]>

<?xml-stylesheet type="text/xsl" href="victime.xsl"?>
<recensement xmlns:xsi="http://www.w3.org/2001/XMLSchema-instance" xsi:noNamespaceSchemaLocation="victime.xsd">

  <victime>
    <code_victime>MT001</code_victime>
    <nom>JEAN</nom>
    <prenom>Wilner</prenom>
    <age>37</age>
    <sexe>M</sexe>
    <profession>Chauffeur</profession>
    <adresse>Route de Carrefour</adresse>
    <zone>Matissant</zone>
    <contact><telephone>38020001</telephone></contact>
    <degre_vulnerabilite>Eleve</degre_vulnerabilite>
  </victime>

  <victime>
    <code_victime>MT002</code_victime>
    <nom>PIERRE</nom>
    <prenom>Roseline</prenom>
    <age>29</age>
    <sexe>F</sexe>
    <profession>Marchande</profession>
    <adresse>Rue Mariani</adresse>
    <zone>Matissant</zone>
    <contact><telephone>38020002</telephone></contact>
    <degre_vulnerabilite>Eleve</degre_vulnerabilite>
  </victime>

  <victime>
    <code_victime>MT003</code_victime>
    <nom>LOUIS</nom>
    <prenom>Frantz</prenom>
    <age>48</age>
    <sexe>M</sexe>
    <profession>Proprietaire</profession>
    <adresse>Zone Carrefour Feuilles</adresse>
    <zone>Matissant</zone>
    <contact><telephone>38020003</telephone></contact>
    <degre_vulnerabilite>Moyen</degre_vulnerabilite>
  </victime>

  <victime>
    <code_victime>MT004</code_victime>
    <nom>CHARLES</nom>
    <prenom>Nadine</prenom>
    <age>34</age>
    <sexe>F</sexe>
    <profession>Couturiere</profession>
    <adresse>Rue Acacia</adresse>
    <zone>Matissant</zone>
    <contact><telephone>38020004</telephone></contact>
    <degre_vulnerabilite>Eleve</degre_vulnerabilite>
  </victime>

  <victime>
    <code_victime>MT005</code_victime>
    <nom>MICHEL</nom>
    <prenom>Patrick</prenom>
    <age>41</age>
    <sexe>M</sexe>
    <profession>Manoeuvre</profession>
    <adresse>Route des Dalles</adresse>
    <zone>Matissant</zone>
    <contact><telephone>38020005</telephone></contact>
    <degre_vulnerabilite>Moyen</degre_vulnerabilite>
  </victime>

  <victime>
    <code_victime>MT006</code_victime>
    <nom>JOSEPH</nom>
    <prenom>Claudette</prenom>
    <age>26</age>
    <sexe>F</sexe>
    <profession>Vendeuse</profession>
    <adresse>Rue Bellevue</adresse>
    <zone>Matissant</zone>
    <contact><telephone>38020006</telephone></contact>
    <degre_vulnerabilite>Eleve</degre_vulnerabilite>
  </victime>

  <victime>
    <code_victime>MT007</code_victime>
    <nom>BERNARD</nom>
    <prenom>James</prenom>
    <age>55</age>
    <sexe>M</sexe>
    <profession>Gardien</profession>
    <adresse>Rue Lamarre</adresse>
    <zone>Matissant</zone>
    <contact><telephone>38020007</telephone></contact>
    <degre_vulnerabilite>Faible</degre_vulnerabilite>
  </victime>

  <victime>
    <code_victime>MT008</code_victime>
    <nom>ROCHE</nom>
    <prenom>Estelle</prenom>
    <age>32</age>
    <sexe>F</sexe>
    <profession>Coiffeuse</profession>
    <adresse>Rue Martissant 7</adresse>
    <zone>Matissant</zone>
    <contact><telephone>38020008</telephone></contact>
    <degre_vulnerabilite>Moyen</degre_vulnerabilite>
  </victime>

  <victime>
    <code_victime>MT009</code_victime>
    <nom>DUPONT</nom>
    <prenom>Ricardo</prenom>
    <age>44</age>
    <sexe>M</sexe>
    <profession>Macon</profession>
    <adresse>Zone Ti Bois</adresse>
    <zone>Matissant</zone>
    <contact><telephone>38020009</telephone></contact>
    <degre_vulnerabilite>Eleve</degre_vulnerabilite>
  </victime>

  <victime>
    <code_victime>MT010</code_victime>
    <nom>PAUL</nom>
    <prenom>Judeline</prenom>
    <age>28</age>
    <sexe>F</sexe>
    <profession>Etudiante</profession>
    <adresse>Rue St Gerard</adresse>
    <zone>Matissant</zone>
    <contact><telephone>38020010</telephone></contact>
    <degre_vulnerabilite>Moyen</degre_vulnerabilite>
  </victime>

  <victime>
    <code_victime>MT011</code_victime>
    <nom>SIMON</nom>
    <prenom>Alix</prenom>
    <age>39</age>
    <sexe>M</sexe>
    <profession>Electricien</profession>
    <adresse>Route Nationale No 2</adresse>
    <zone>Matissant</zone>
    <contact><telephone>38020011</telephone></contact>
    <degre_vulnerabilite>Eleve</degre_vulnerabilite>
  </victime>

</recensement>
